Name,player,CF% rel,FF% rel,TK,GV,E+/-
Justin Abdelkader\\abdelju01,Justin Abdelkader,-1.9,0,10,18,-5.2
Pontus Aberg\\abergpo01,Pontus Aberg,-18.2,-22.4,1,2,-0.8
Vitaly Abramov\\abramvi01,Vitaly Abramov,-14.7,-11.8,0,1,-0.3
Noel Acciari\\acciano01,Noel Acciari,-3.5,-2.5,32,21,-6.3
Andrew Agozzino\\agozzan01,Andrew Agozzino,8,7.4,5,4,-0.6
Sebastian Aho\\ahose01,Sebastian Aho,3.8,2.8,71,58,10
Karl Alzner\\alzneka01,Karl Alzner,0.4,-1.8,0,1,0.6
Michael Amadio\\amadimi01,Michael Amadio,1.8,1.6,31,25,2.4
Joey Anderson\\anderjo08,Joey Anderson,-0.9,0.6,4,7,-0.1
Josh Anderson\\anderjo05,Josh Anderson,-2.7,-3.7,9,12,-0.7
Michael Anderson\\andermi02,Michael Anderson,-6.1,-0.7,0,2,0.1
Jaret Anderson-Dolan\\anderja01,Jaret Anderson-Dolan,-2.8,-4.1,0,2,-1.6
Lias Andersson\\anderli01,Lias Andersson,-6.7,-5,8,4,-3.2
Rasmus Andersson\\anderra01,Rasmus Andersson,2.2,2.7,19,39,7.1
Andy Andreoff\\andrean01,Andy Andreoff,-2.4,1.1,1,0,-0.8
Anthony Angello\\angelan01,Anthony Angello,-2.8,-2,1,0,-0.5
Artem Anisimov\\anisiar01,Artem Anisimov,-0.8,-2,19,16,-3.2
Mason Appleton\\applema01,Mason Appleton,0.3,1.4,11,10,-2.3
Josh Archibald\\archijo01,Josh Archibald,-4.1,-2.5,24,11,-5.7
Joel Armia\\armiajo01,Joel Armia,-4.8,-5.5,47,27,3.4
Viktor Arvidsson\\arvidvi01,Viktor Arvidsson,-0.7,-2.5,15,24,-5.7
Rasmus Asplund\\asplura01,Rasmus Asplund,-2.5,-3.1,5,7,-1.1
Zach Aston-Reese\\astonza01,Zach Aston-Reese,0.2,-0.3,20,21,6.4
Andreas Athanasiou\\athanan01,Andreas Athanasiou,-0.1,1.1,15,31,-8.5
Cam Atkinson\\atkinca01,Cam Atkinson,0.3,-0.2,26,21,2.2
Nicolas Aube-Kubel\\aubekni01,Nicolas Aube-Kubel,-1.6,1,13,9,1.9
David Backes\\backeda01,David Backes,0.2,1.9,5,9,1.9
Mikael Backlund\\backlmi01,Mikael Backlund,1.1,0.8,64,55,2.7
Nicklas Backstrom\\backsni02,Nicklas Backstrom,2.6,3,34,42,6.1
Sven Baertschi\\baertsv01,Sven Baertschi,11.8,9.8,1,1,0.4
Josh Bailey\\bailejo01,Josh Bailey,-0.6,-1.5,38,54,-3.4
Justin Bailey\\baileju01,Justin Bailey,-4.8,-6.6,0,1,-0.1
Rudolfs Balcers\\balceru01,Rudolfs Balcers,3.4,2.6,7,5,-1.1
Ivan Barbashev\\barbaiv01,Ivan Barbashev,-4.9,-4.6,33,31,-5.8
Riley Barber\\barberi01,Riley Barber,-4.2,-2.8,0,2,-0.5
Mark Barberio\\barbema01,Mark Barberio,-0.9,-1.6,6,13,0.5
Cole Bardreau\\bardrco01,Cole Bardreau,-6.3,-4.2,4,4,-0.6
Aleksander Barkov\\barkoal01,Aleksander Barkov,3.6,2.5,51,52,3.2
Tyson Barrie\\barrity01,Tyson Barrie,3.1,1.4,16,62,0.6
Mathew Barzal\\barzama01,Mathew Barzal,7.8,8.3,70,103,7.5
Drake Batherson\\bathedr01,Drake Batherson,1.1,-0.8,5,5,-3.2
Jay Beagle\\beaglja01,Jay Beagle,-13.4,-11.3,14,7,-10.1
Ethan Bear\\bearet01,Ethan Bear,2.5,0.5,44,84,2.7
J.C. Beaudin\\beaudje01,J.C. Beaudin,-5.3,-6.6,1,2,-1.9
Nicolas Beaudin\\beaudni01,Nicolas Beaudin,-15.4,-21.4,0,1,-0.3
Nathan Beaulieu\\beaulna01,Nathan Beaulieu,-4.4,-1.7,6,23,-1.7
Anthony Beauvillier\\beauvan01,Anthony Beauvillier,-0.3,-0.3,29,51,-0.4
Pierre-Edouard Bellemare\\bellepi01,Pierre-Edouard Bellemare,1,1.6,53,17,5.3
Kieffer Bellows\\belloki01,Kieffer Bellows,-8.4,-5.5,2,5,0.9
Emil Bemstrom\\bemstem01,Emil Bemstrom,1.2,-1.1,10,16,1.1
Jamie Benn\\bennja01,Jamie Benn,2.7,3,52,56,7.7
Jordie Benn\\bennjo01,Jordie Benn,-8.4,-7.3,7,17,-8.3
Sam Bennett\\bennesa01,Sam Bennett,-1.1,-1.3,19,22,1.9
Matt Benning\\bennima01,Matt Benning,0.2,1.2,12,19,-0.8
Tyler Benson\\bensoty01,Tyler Benson,-1.6,0.3,2,3,-0.8
Patrice Bergeron\\bergepa01,Patrice Bergeron,6.8,5.8,44,22,8.1
Lean Bergmann\\bergmle01,Lean Bergmann,-16.3,-16.2,3,0,-3.6
Tyler Bertuzzi\\bertuty01,Tyler Bertuzzi,5.1,4.4,25,57,-3
Alex Biega\\biegaal01,Alex Biega,-0.7,-0.1,4,30,-8
Jake Bischoff\\bischja01,Jake Bischoff,0.5,4.5,0,2,0
Clark Bishop\\bishocl01,Clark Bishop,0.3,3.8,1,1,-1
Anthony Bitetto\\bitetan01,Anthony Bitetto,-3.2,-1.4,16,22,-4.3
Anders Bjork\\bjorkan01,Anders Bjork,-1.7,-0.6,21,14,4.3
Oliver Bjorkstrand\\bjorkol01,Oliver Bjorkstrand,5.1,5,32,27,11.7
Tobias Bjornfot\\bjornto01,Tobias Bjornfot,-19.6,-25.2,0,0,-1.3
Nick Bjugstad\\bjugsni01,Nick Bjugstad,-5.8,-3.4,3,5,0.2
Colin Blackwell\\blackco01,Colin Blackwell,-0.2,2.7,6,7,0.8
Sammy Blais\\blaissa01,Sammy Blais,-1,-0.7,12,18,3.2
Joseph Blandisi\\blandjo01,Joseph Blandisi,-10,-11.5,8,1,-1.6
Joachim Blichfeld\\blichjo01,Joachim Blichfeld,-11.3,-6,2,0,-0.7
Anton Blidh\\blidhan01,Anton Blidh,-6.2,-8,2,1,0.9
Teddy Blueger\\bluegte01,Teddy Blueger,-0.7,-2.7,29,22,-2
Mikkel Boedker\\boedkmi01,Mikkel Boedker,-4.2,-2.2,1,8,-2.4
Brock Boeser\\boesebr01,Brock Boeser,6.7,7.2,20,22,5.2
Zach Bogosian\\bogosza01,Zach Bogosian,-1.2,-1.7,4,11,-1.8
Nick Bonino\\boninni01,Nick Bonino,-1.7,0.4,47,22,2.2
Adam Boqvist\\boqviad01,Adam Boqvist,0.5,1.1,10,26,-2.8
Jesper Boqvist\\boqvije01,Jesper Boqvist,-0.3,-1.2,13,11,-3.2
Henrik Borgstr\'f6m\\borgshe01,Henrik Borgstr,-6.5,-10.3,3,1,-0.3
Mark Borowiecki\\borowma01,Mark Borowiecki,-4,-1,10,30,-4.4
Robert Bortuzzo\\borturo01,Robert Bortuzzo,-0.7,-2.1,2,10,3.6
Gabriel Bourque\\bourqga01,Gabriel Bourque,-8.2,-6.8,5,14,-3.5
Jay Bouwmeester\\bouwmja01,Jay Bouwmeester,-7.3,-6.1,11,32,-9.5
Madison Bowey\\boweyma01,Madison Bowey,-2.3,-2.9,14,45,-12.1
Johnny Boychuk\\boychjo01,Johnny Boychuk,-1.9,-2.5,6,50,-8
Travis Boyd\\boydtr01,Travis Boyd,2.9,2.1,7,6,0.6
Brian Boyle\\boylebr01,Brian Boyle,-6.7,-5.2,16,13,-2.7
Tyler Bozak\\bozakty01,Tyler Bozak,-0.2,-0.8,29,20,5.4
Erik Brannstrom\\branner01,Erik Brannstrom,1.5,1,5,20,0
Derick Brassard\\brassde01,Derick Brassard,-2.5,-2.4,26,40,-0.4
Jesper Bratt\\brattje01,Jesper Bratt,2.7,3.7,18,24,-2.8
Justin Braun\\braunju01,Justin Braun,-1.7,-2.3,10,31,2.7
T.J. Brodie\\broditj01,T.J. Brodie,3.6,2.8,34,52,3.2
Jonas Brodin\\brodijo01,Jonas Brodin,-1.2,0.8,14,16,6.2
Jonny Brodzinski\\brodzjo01,Jonny Brodzinski,-2.1,2.6,0,0,-0.5
Adam Brooks\\brookad01,Adam Brooks,-6.6,-6.7,2,1,0.3
Troy Brouwer\\brouwtr01,Troy Brouwer,-8.4,-9.8,1,2,-1.2
Connor Brown\\brownco02,Connor Brown,0.3,1.6,52,40,0.9
Dustin Brown\\browndu01,Dustin Brown,-3.3,-3.4,28,35,-3.5
Josh Brown\\brownjo01,Josh Brown,-1.1,-0.8,10,24,-1.9
Logan Brown\\brownlo01,Logan Brown,-0.4,1,10,16,1.3
Patrick Brown\\brownpa02,Patrick Brown,20,25,0,1,0.6
Pavel Buchnevich\\buchnpa01,Pavel Buchnevich,6.6,7.1,38,64,10.4
Connor Bunnaman\\bunnaco01,Connor Bunnaman,-6.4,-5.2,1,4,1.8
Andre Burakovsky\\burakan01,Andre Burakovsky,2.3,0.6,27,33,2.4
Brent Burns\\burnsbr01,Brent Burns,-1.4,-2.2,49,76,-7.6
Will Butcher\\butchwi01,Will Butcher,2.1,2.6,10,27,-1.6
Paul Byron\\byronpa01,Paul Byron,-0.4,-2,11,10,1.2
Nicholas Caamano\\caamani01,Nicholas Caamano,-4.7,-3.7,1,2,-1.5
Drake Caggiula\\caggidr01,Drake Caggiula,-0.2,0.1,19,5,-1.6
Matt Calvert\\calvema01,Matt Calvert,2.4,2.6,21,13,6.4
Kyle Capobianco\\capobky01,Kyle Capobianco,-2.9,-5.1,1,4,-0.5
Paul Carey\\careypa01,Paul Carey,-30.9,-31.5,0,0,-0.4
Brandon Carlo\\carlobr01,Brandon Carlo,0.2,-0.9,31,32,-1.1
John Carlson\\carlsjo01,John Carlson,0.3,0.6,42,80,1.6
Gabriel Carlsson\\carlsga01,Gabriel Carlsson,-3.5,-3.3,0,3,0.3
Lucas Carlsson\\carlslu01,Lucas Carlsson,-5.5,-2.1,1,0,0.4
Ryan Carpenter\\carpery01,Ryan Carpenter,-2.2,-0.8,30,29,-5.4
Daniel Carr\\carrda01,Daniel Carr,-7.9,-8.1,8,1,-1.3
Connor Carrick\\carrico01,Connor Carrick,-4.8,-5.6,5,12,-2.7
Sam Carrick\\carrisa01,Sam Carrick,9.2,12.1,1,5,0
Trevor Carrick\\carritr01,Trevor Carrick,-15,-24.8,0,2,-0.3
Alexandre Carrier\\carrial01,Alexandre Carrier,18.6,19.1,0,0,1.5
William Carrier\\carriwi01,William Carrier,-0.9,-0.5,22,8,9.1
Jeff Carter\\carteje01,Jeff Carter,-0.7,-0.9,13,20,0
Colby Cave\\caveco01,Colby Cave,-3.2,0.3,3,1,-0.1
Cody Ceci\\cecico01,Cody Ceci,-4.1,-4.6,13,30,0.6
Peter Cehlarik\\cehlape01,Peter Cehlarik,11.6,15.5,3,1,0.3
Erik Cernak\\cernaer01,Erik Cernak,-2.7,-2,18,28,-1.3
Thomas Chabot\\chaboth01,Thomas Chabot,3.9,2,42,87,1.3
Michael Chaput\\chapumi01,Michael Chaput,1.4,8.7,0,1,0.5
Zdeno Chara\\charazd01,Zdeno Chara,-6.5,-5.6,26,52,-4.6
Ben Chiarot\\chiarbe01,Ben Chiarot,-0.5,-0.1,18,86,11.9
Alex Chiasson\\chiasal01,Alex Chiasson,2.8,0.6,14,20,-0.5
Andrei Chibisov\\chibian01,Andrei Chibisov,-17.4,-10.8,0,0,-0.2
Filip Chlapik\\chlapfi01,Filip Chlapik,4.8,6.6,8,6,-0.9
Dennis Cholowski\\cholode01,Dennis Cholowski,0.6,0.4,4,21,-1.9
Jakob Chychrun\\chychja01,Jakob Chychrun,3,4.2,27,52,1.7
Filip Chytil\\chytifi01,Filip Chytil,0.6,-0.2,33,33,-1.7
Anthony Cirelli\\cirelan01,Anthony Cirelli,0.8,1.4,53,24,9.9
Casey Cizikas\\cizikca01,Casey Cizikas,-0.4,0.1,38,28,3.3
Fredrik Claesson\\claesfr01,Fredrik Claesson,-1.5,1,1,1,1.4
Kale Clague\\claguka01,Kale Clague,-11.3,-7.3,0,1,-0.9
Kyle Clifford\\cliffky01,Kyle Clifford,-0.2,-0.2,11,17,2.4
Connor Clifton\\cliftco01,Connor Clifton,-4.1,-5.7,12,7,-1.9
Cal Clutterbuck\\cluttca01,Cal Clutterbuck,-6,-4.4,12,21,-1.6
Braydon Coburn\\coburbr01,Braydon Coburn,0.2,-1.4,3,5,0.8
Andrew Cogliano\\coglian01,Andrew Cogliano,0.5,-0.5,24,20,-2.2
Ian Cole\\coleia01,Ian Cole,0,2.4,18,37,6.1
Blake Coleman\\colembl01,Blake Coleman,2.5,2.7,48,21,-2.7
Blake Comeau\\comeabl01,Blake Comeau,-1,-3.1,21,27,-3.1
J.T. Compher\\comphj.01,J.T. Compher,-4.8,-4.7,22,21,0.7
Max Comtois\\comtoma01,Max Comtois,-6.2,-5.2,5,19,-3
Cory Conacher\\conacco01,Cory Conacher,-1.2,-1.9,5,1,-0.5
Kevin Connauton\\connake01,Kevin Connauton,-9.3,-10.3,0,0,0.3
Brett Connolly\\connobr01,Brett Connolly,3.5,3.9,28,22,-1.6
Kyle Connor\\connoky01,Kyle Connor,1,0.2,43,39,-8.5
Andrew Copp\\coppan01,Andrew Copp,2.2,1.2,38,27,-8.3
Nick Cousins\\cousini01,Nick Cousins,-0.6,0.5,29,21,8.8
Logan Couture\\coutulo01,Logan Couture,-0.9,-0.7,28,26,-3.6
Sean Couturier\\coutuse01,Sean Couturier,7.5,6.5,40,36,9.5
Charlie Coyle\\coylech01,Charlie Coyle,1,1.7,48,33,6.7
Sidney Crosby\\crosbsi01,Sidney Crosby,4.3,4,26,25,6.4
Lawson Crouse\\crousla01,Lawson Crouse,-3.2,-3.2,28,22,-5
Austin Czarnik\\czarnau01,Austin Czarnik,-5.5,-9.5,6,2,-0.8
Kirby Dach\\dachki01,Kirby Dach,-0.1,0.6,38,16,-1.1
Evgenii Dadonov\\dadonev01,Evgenii Dadonov,4.3,2.9,29,40,3.9
Rasmus Dahlin\\dahlira01,Rasmus Dahlin,4,2.1,16,42,-5.5
Carl Dahlstrom\\dahlsca01,Carl Dahlstrom,1.2,2,4,14,-0.3
Michael Dal Colle\\dalcomi01,Michael Dal Colle,-4.6,-6.9,10,18,-5.7
Trevor Daley\\daleytr01,Trevor Daley,-5.3,-4.6,5,21,-10.5
Phillip Danault\\danauph01,Phillip Danault,7,7.3,34,50,21.4
Marko Da\uc0\u328 o\\danoma01,Marko Da,-5.2,-3.8,1,1,0.4
Brandon Davidson\\davidbr01,Brandon Davidson,-0.6,1.7,3,9,-1.5
Jonathan Davidsson\\davidjo03,Jonathan Davidsson,6.8,11.1,0,0,0.2
Calvin de Haan\\dehaaca01,Calvin de Haan,-1.7,-0.2,9,29,-0.9
Jacob de La Rose\\delarja01,Jacob de La Rose,-3.6,-2.7,13,8,-0.3
Chase De Leo\\deleoch01,Chase De Leo,-31.8,-26.1,0,0,-0.5
Jean-Sebastien Dea\\deaje01,Jean-Sebastien Dea,-7.1,-12.7,0,0,-0.1
Anthony DeAngelo\\deangan01,Anthony DeAngelo,3,2.9,16,65,3.5
Alex DeBrincat\\debrial01,Alex DeBrincat,1.3,1.7,41,37,-3.1
Jake Debrusk\\debruja01,Jake Debrusk,1.4,-0.3,26,21,2.4
Danny DeKeyser\\dekeyda01,Danny DeKeyser,-7.1,-9.6,0,8,-2.3
Michael Del Zotto\\delzomi01,Michael Del Zotto,-2.2,-2.8,9,33,-7.7
Dylan DeMelo\\demeldy01,Dylan DeMelo,6.7,7.4,9,42,5.1
Jason Demers\\demerja01,Jason Demers,-0.5,-1.9,15,32,-3.7
Travis Dermott\\dermotr01,Travis Dermott,-2.3,-1.7,23,44,2.6
Nicolas Deslauriers\\deslani01,Nicolas Deslauriers,-4.9,-4.1,10,10,-5.2
Phillip Di Giuseppe\\digiuph01,Phillip Di Giuseppe,1.1,1.5,3,4,0.3
Thomas Di Pauli\\dipauth01,Thomas Di Pauli,-5.5,-5.2,0,0,-0.5
Jason Dickinson\\dickija01,Jason Dickinson,-4.6,-4.1,47,29,-4.2
Brenden Dillon\\dillobr01,Brenden Dillon,2.7,2.5,16,26,-2.7
Christian Djoos\\djoosch01,Christian Djoos,6.1,8.1,2,6,0.1
Noah Dobson\\dobsono01,Noah Dobson,4.8,4.6,8,24,3.8
Max Domi\\domima01,Max Domi,-1.9,-3.7,42,64,5.4
Ryan Donato\\donatry01,Ryan Donato,2,1.9,21,13,4
Joonas Donskoi\\donskjo01,Joonas Donskoi,-4.3,-5.2,28,20,-6.4
Drew Doughty\\doughdr01,Drew Doughty,-4.3,-5.3,15,82,-5.4
Nic Dowd\\dowdni01,Nic Dowd,1.8,3.1,22,7,4.6
Justin Dowling\\dowliju01,Justin Dowling,-0.8,0.5,15,9,0.2
Leon Draisaitl\\draisle01,Leon Draisaitl,0.6,-0.3,60,91,-1.4
Sheldon Dries\\driessh01,Sheldon Dries,-14.7,-16.4,0,1,-1.1
Jonathan Drouin\\drouijo01,Jonathan Drouin,-0.2,-1.4,12,11,2.8
Dillon Dube\\dubedi01,Dillon Dube,-4.1,-3.5,17,16,0.9
Pierre-Luc Dubois\\duboipi01,Pierre-Luc Dubois,3,2.3,27,46,6.1
Matt Duchene\\duchema01,Matt Duchene,5.3,4.1,31,36,4.6
Anthony Duclair\\duclaan01,Anthony Duclair,-0.9,-1.8,18,46,-2
Mathew Dumba\\dumbama01,Mathew Dumba,-0.8,-0.9,20,35,4.6
Gabriel Dumont\\dumonga01,Gabriel Dumont,5.9,13.1,1,0,0.5
Brian Dumoulin\\dumoubr01,Brian Dumoulin,5.1,6.1,13,13,7.5
Vince Dunn\\dunnvi02,Vince Dunn,6.6,5,13,31,10.9
Christian Dvorak\\dvorach01,Christian Dvorak,4.2,3.9,20,23,7.3
Ryan Dzingel\\dzingry01,Ryan Dzingel,-4.5,-3.9,15,19,-5
Cody Eakin\\eakinco01,Cody Eakin,-5.6,-5.9,23,21,0
Jordan Eberle\\eberljo01,Jordan Eberle,8.2,8.6,34,37,7.9
Alexander Edler\\edleral01,Alexander Edler,0.5,1.1,9,43,-1.1
Joel Edmundson\\edmunjo01,Joel Edmundson,-4.8,-5.1,23,45,-12.1
Nikolaj Ehlers\\ehlerni01,Nikolaj Ehlers,8.8,8.4,32,39,1.9
Christoffer Ehn\\ehnch01,Christoffer Ehn,-5.3,-5.8,6,12,-6.7
Jack Eichel\\eicheja01,Jack Eichel,4,3.6,44,67,-3.1
Aaron Ekblad\\ekblaaa01,Aaron Ekblad,4.9,4.9,37,74,-1.1
Mattias Ekholm\\ekholma01,Mattias Ekholm,-0.1,-0.7,51,50,-1.7
Oliver Ekman-Larsson\\ekmanol01,Oliver Ekman-Larsson,-0.6,-1.9,19,45,-6.2
Lars Eller\\ellerla01,Lars Eller,5.5,6,44,41,4.4
Ryan Ellis\\ellisry01,Ryan Ellis,2,3,24,36,5.2
Deryk Engelland\\engelde01,Deryk Engelland,-3.2,-2.3,15,17,5.6
Andreas Englund\\engluan01,Andreas Englund,-1.9,-1.5,4,5,-3.2
Pierre Engvall\\engvapi01,Pierre Engvall,1.1,0.1,15,23,0.2
Tyler Ennis\\ennisty01,Tyler Ennis,2.7,1.5,26,19,0.1
Jonathan Ericsson\\ericsjo01,Jonathan Ericsson,-2.1,0.1,1,20,-4.3
Loui Eriksson\\erikslo01,Loui Eriksson,0.4,-1.8,17,8,-2.9
Joel Eriksson Ek\\eriksjo02,Joel Eriksson Ek,-2.4,-2.5,19,18,5.3
Adam Erne\\ernead01,Adam Erne,-1.9,-2.4,5,27,-2.3
Jake Evans\\evansja02,Jake Evans,-9.5,-7.8,5,3,1.3
Robby Fabbri\\fabbrro01,Robby Fabbri,1.4,-0.3,13,39,-9.4
Dante Fabbro\\fabbrda01,Dante Fabbro,-0.5,-0.8,23,39,-5.6
Radek Faksa\\faksara01,Radek Faksa,-3.2,-3.8,34,27,-2.3
Oscar Fantenberg\\fanteos01,Oscar Fantenberg,-4.7,-4,7,11,-4.9
Joel Farabee\\farabjo01,Joel Farabee,-2.3,-3.6,20,26,-2.4
Jesper Fast\\fastje01,Jesper Fast,1.1,2.2,24,32,0.8
Justin Faulk\\faulkju01,Justin Faulk,-0.9,-0.4,24,39,2
Taylor Fedun\\fedunta01,Taylor Fedun,3.5,3.2,2,12,2.7
Martin Fehervary\\feherma01,Martin Fehervary,-2,1,2,2,0.2
Micheal Ferland\\ferlami01,Micheal Ferland,-11.5,-11.2,2,1,-2.9
Mario Ferraro\\ferrama01,Mario Ferraro,-1.7,-1.9,15,20,-2.7
Kevin Fiala\\fialake01,Kevin Fiala,3.1,2.8,33,35,2.6
Valtteri Filppula\\filppva01,Valtteri Filppula,-2.7,-3.6,17,43,-11.3
Christian Fischer\\fischch01,Christian Fischer,-5.5,-2.6,6,10,-0.6
Cale Fleury\\fleurca01,Cale Fleury,-5.9,-6.5,5,31,-3.8
Haydn Fleury\\fleurha01,Haydn Fleury,0,-0.7,17,26,-1.3
Warren Foegele\\foegewa01,Warren Foegele,0.2,0.7,39,30,8.7
Steven Fogarty\\fogarst01,Steven Fogarty,-5.4,-8,2,2,-0.7
Marcus Foligno\\foligma01,Marcus Foligno,2.1,2.8,31,17,8.7
Nick Foligno\\foligni01,Nick Foligno,2.1,3.6,39,35,5.1
Christian Folin\\folinch01,Christian Folin,0.5,-1,1,8,2.2
Derek Forbort\\forbode01,Derek Forbort,-6.5,-5.9,2,16,0.3
Filip Forsberg\\forsbfi01,Filip Forsberg,3.6,1.8,58,45,0.3
Liam Foudy\\foudyli01,Liam Foudy,11.2,10.3,1,0,0.8
Cam Fowler\\fowleca01,Cam Fowler,4.9,5.2,21,31,3.9
Adam Fox\\foxad01,Adam Fox,7.5,8.1,57,61,7.6
Trent Frederic\\fredetr01,Trent Frederic,-37.1,-44.7,0,0,-0.5
Mark Friedman\\friedma01,Mark Friedman,-19.7,-18.7,1,0,-2
Martin Frk\\frkma01,Martin Frk,2.8,1.4,2,10,-0.5
Michael Frolik\\frolimi01,Michael Frolik,-1.4,-1.9,32,28,-6.7
Morgan Frost\\frostmo01,Morgan Frost,-0.4,-1.4,10,6,1.1
Sam Gagner\\gagnesa01,Sam Gagner,3.4,4.6,12,21,1.1
Alex Galchenyuk\\galchal01,Alex Galchenyuk,-3.5,-4.4,5,20,-2.1
Brendan Gallagher\\gallabr01,Brendan Gallagher,8.1,8.8,39,18,19.7
Dylan Gambrell\\gambrdy01,Dylan Gambrell,-3.8,-4.3,11,17,-2.8
Jake Gardiner\\gardija01,Jake Gardiner,2,1.2,32,39,3.6
Rhett Gardner\\gardnrh01,Rhett Gardner,-3.3,-2.3,1,3,-0.8
Conor Garland\\garlaco01,Conor Garland,3.8,5.1,30,27,5.2
Adam Gaudette\\gaudead01,Adam Gaudette,-1.9,-2.7,23,15,-8.2
Johnny Gaudreau\\gaudrjo01,Johnny Gaudreau,1.8,0.7,40,71,4.2
Brendan Gaunce\\gauncbr01,Brendan Gaunce,-26.9,-21.5,0,0,-0.3
Cameron Gaunce\\gauncca01,Cameron Gaunce,0.7,3,0,0,0.5
Frederik Gauthier\\gauthfr01,Frederik Gauthier,-7.5,-6.6,7,13,-3.3
Julien Gauthier\\gauthju01,Julien Gauthier,-3.4,-5,3,7,-2.7
Vladislav Gavrikov\\gavrivl01,Vladislav Gavrikov,0.4,0.9,16,33,6.1
Morgan Geekie\\geekimo01,Morgan Geekie,-1.6,2.8,1,0,0.7
Nathan Gerbe\\gerbena01,Nathan Gerbe,-1.2,2.7,4,12,0.6
Timothy Gettinger\\gettiti01,Timothy Gettinger,3,15.5,0,0,0.5
Ryan Getzlaf\\getzlry01,Ryan Getzlaf,2.2,3.1,53,76,3.2
Brian Gibbons\\gibbobr02,Brian Gibbons,-11.7,-11.6,8,7,-1.3
Dennis Gilbert\\gilbede01,Dennis Gilbert,-7.6,-7.3,2,4,-7.6
John Gilmour\\gilmojo01,John Gilmour,0.3,2,0,3,0.2
Mark Giordano\\giordma01,Mark Giordano,3.4,4.5,36,51,4.2
Samuel Girard\\girarsa01,Samuel Girard,1.4,-0.2,38,39,4.4
Zemgus Girgensons\\girgeze01,Zemgus Girgensons,-0.7,0,13,11,-4.5
Claude Giroux\\giroucl01,Claude Giroux,6.6,5.7,37,35,8.4
Cody Glass\\glassco01,Cody Glass,-2.1,-3.2,18,17,-0.3
Luke Glendening\\glendlu01,Luke Glendening,-5.2,-3.8,10,18,-12.4
Nikolay Goldobin\\goldoni01,Nikolay Goldobin,-32.6,-31.4,0,0,-0.5
Alex Goligoski\\goligal01,Alex Goligoski,0.1,0.4,7,53,-2
Cody Goloubef\\golouco01,Cody Goloubef,-4.9,-5,3,21,-3.6
Barclay Goodrow\\goodrba01,Barclay Goodrow,1.3,2,44,23,-1.7
Shayne Gostisbehere\\gostish01,Shayne Gostisbehere,0.8,1.1,9,27,-2.3
Yanni Gourde\\gourdya01,Yanni Gourde,1.4,0.8,48,14,2.2
Michael Grabner\\grabnmi01,Michael Grabner,-8.3,-7,31,11,-3.1
Markus Granlund\\granlma01,Markus Granlund,2,2,11,7,0.5
Mikael Granlund\\granlmi01,Mikael Granlund,2.5,2.5,24,34,3.4
Derek Grant\\grantde01,Derek Grant,-9.1,-8.5,20,11,-6
Tyler Graovac\\graovty01,Tyler Graovac,-0.2,-4.4,1,2,-0.9
Kevin Gravel\\graveke01,Kevin Gravel,-7.5,-5.8,0,1,0.2
Ryan Graves\\gravery01,Ryan Graves,-1,-0.4,19,40,4.2
Mike Green\\greenmi03,Mike Green,-0.1,0.9,12,41,2.2
Andy Greene\\greenan01,Andy Greene,-3.8,-3.1,16,41,-6.5
Jordan Greenway\\greenjo02,Jordan Greenway,2.1,2.4,41,30,7
Noah Gregor\\gregono01,Noah Gregor,-4.3,-7.1,6,7,-4.1
Rocco Grimaldi\\grimaro01,Rocco Grimaldi,1.4,1.7,27,20,3.6
Jordan Gross\\grossjo01,Jordan Gross,-16.1,-20.3,1,2,-1.2
Carl Grundstrom\\grundca01,Carl Grundstrom,1.5,1.8,0,4,-0.7
Matt Grzelcyk\\grzelma01,Matt Grzelcyk,1.8,3.7,22,39,7.7
Radko Gudas\\gudasra01,Radko Gudas,-1.2,-2.3,23,34,-2.3
Erik Gudbranson\\gudbrer01,Erik Gudbranson,0.8,1.6,0,33,-4.5
Jake Guentzel\\guentja01,Jake Guentzel,5.2,7.6,21,12,14.1
Brendan Guhle\\guhlebr01,Brendan Guhle,-3.6,-2.4,6,25,-2.6
Carl Gunnarsson\\gunnaca01,Carl Gunnarsson,-3.6,-3.9,3,14,-2.1
Denis Gurianov\\guriade01,Denis Gurianov,0.1,0.9,26,25,2.9
Nikita Gusev\\gusevni01,Nikita Gusev,4.2,3.7,22,40,-3.6
David Gustafsson\\gustada01,David Gustafsson,-20.2,-19.3,0,1,-4.4
Erik Gustafsson\\gustaer02,Erik Gustafsson,0,-1,21,58,-7.3
Gaetan Haas\\haasga01,Gaetan Haas,1.1,1.1,22,22,0.1
Brandon Hagel\\hagelbr01,Brandon Hagel,-2.3,-6.6,1,0,0.3
Carl Hagelin\\hagelca01,Carl Hagelin,2.2,1.6,24,24,-2.8
Robert Hagg\\haggro01,Robert Hagg,-8.8,-7.8,6,31,-4.9
Nicolas Hague\\hagueni01,Nicolas Hague,2.9,0.8,13,10,5.3
Ron Hainsey\\hainsro01,Ron Hainsey,-2.1,-2.7,9,56,-5.8
Libor Hajek\\hajekli01,Libor Hajek,-7,-6.1,8,17,-8.6
Jani Hakanpaa\\hakanja01,Jani Hakanpaa,4.3,2.3,0,1,-0.9
Micheal Haley\\haleymi01,Micheal Haley,-8.6,-6.5,1,5,-1.8
Taylor Hall\\hallta02,Taylor Hall,1.5,1.2,41,52,4.9
Dan Hamhuis\\hamhuda01,Dan Hamhuis,-0.8,0.1,9,34,-4.5
Dougie Hamilton\\hamildo01,Dougie Hamilton,4.5,6,22,40,12
Travis Hamonic\\hamontr01,Travis Hamonic,-2.4,-3,21,36,-4.4
Noah Hanifin\\hanifno01,Noah Hanifin,0.6,-0.9,38,63,-0.6
Joel Hanley\\hanlejo01,Joel Hanley,-2.4,-1.8,0,5,1.2
Jansen Harkins\\harkija01,Jansen Harkins,-1.1,-2.3,7,7,-4.3
Scott Harrington\\harrisc01,Scott Harrington,-2.4,-1.2,5,9,0.3
Ryan Hartman\\hartmry01,Ryan Hartman,3.5,3.9,34,14,7
Garnet Hathaway\\hathaga01,Garnet Hathaway,1.4,1.9,21,16,7
Erik Haula\\haulaer01,Erik Haula,-3.7,-2.2,21,29,-3.8
Jayce Hawryluk\\hawryja01,Jayce Hawryluk,1.5,1,11,12,1.5
John Hayden\\haydejo01,John Hayden,-10.1,-11.2,13,7,-5.7
Kevin Hayes\\hayeske01,Kevin Hayes,-1.9,-2.3,43,34,-1.4
Barrett Hayton\\haytoba01,Barrett Hayton,-0.5,-2,8,4,-1.3
Victor Hedman\\hedmavi01,Victor Hedman,0.7,2.1,47,40,6.1
Tim Heed\\heedti01,Tim Heed,5.1,4.9,10,17,1.8
Danton Heinen\\heineda01,Danton Heinen,-3.2,-4.2,19,30,-2
Ville Heinola\\heinovi01,Ville Heinola,-0.9,-1.9,3,15,-1.8
Miro Heiskanen\\heiskmi01,Miro Heiskanen,2,2,42,79,5.9
Darren Helm\\helmda01,Darren Helm,2,2.5,24,30,-4.2
Adam Henrique\\henriad01,Adam Henrique,5.5,4.6,26,32,-0.5
Tomas Hertl\\hertlto01,Tomas Hertl,4,3.7,25,18,2
Joe Hicketts\\hickejo01,Joe Hicketts,-3.9,-0.5,2,3,-0.2
Matthew Highmore\\highmma01,Matthew Highmore,-2.4,-4.8,15,9,-3.7
Vinnie Hinostroza\\hinosvi01,Vinnie Hinostroza,1.3,0.2,30,20,-2.8
Roope Hintz\\hintzro01,Roope Hintz,0.1,0,23,34,2.6
Taro Hirose\\hirosta01,Taro Hirose,-3.6,-2.6,6,20,-5.2
Nico Hischier\\hischni01,Nico Hischier,0.5,1.3,42,28,-3.8
Niklas Hjalmarsson\\hjalmni01,Niklas Hjalmarsson,-6,-4.9,11,20,-4.7
Mike Hoffman\\hoffmmi02,Mike Hoffman,2.8,0.9,31,52,-3.6
Nick Holden\\holdeni01,Nick Holden,1.9,1.4,26,35,16.1
Justin Holl\\hollju01,Justin Holl,-1,1.3,21,59,6.2
Korbinian Holzer\\holzeko01,Korbinian Holzer,-8.5,-8.2,2,28,-9.7
Patric Hornqvist\\hornqpa01,Patric Hornqvist,-2.4,-1.3,12,8,-0.3
Bo Horvat\\horvabo01,Bo Horvat,1.9,1.3,28,27,-2.5
Brett Howden\\howdebr01,Brett Howden,-7.8,-8.5,25,25,-10.1
Filip Hronek\\hronefi01,Filip Hronek,1.6,0.6,18,76,-12.3
Jonathan Huberdeau\\huberjo01,Jonathan Huberdeau,2.7,2,42,70,0.4
Charles Hudon\\hudonch01,Charles Hudon,-6.1,-6.1,5,2,-1.4
Cameron Hughes\\hugheca01,Cameron Hughes,-5.2,10.6,0,0,-0.1
Jack Hughes\\hugheja03,Jack Hughes,1.1,0.3,42,53,-4
Quinn Hughes\\hughequ01,Quinn Hughes,7.1,5.6,35,60,0.4
Brad Hunt\\huntbr01,Brad Hunt,0.7,1.8,15,14,3.8
Dryden Hunt\\huntdr01,Dryden Hunt,-1.4,0.6,4,4,0.6
Ben Hutton\\huttobe01,Ben Hutton,3.6,3,12,41,6.6
Zach Hyman\\hymanza01,Zach Hyman,1.9,2.3,32,16,7.7
Alex Iafallo\\iafalal01,Alex Iafallo,-1.8,-1.3,18,11,-1.3
Matt Irwin\\irwinma01,Matt Irwin,-2.2,-1,8,13,-5.7
Joshua Jacobs\\jacobjo01,Joshua Jacobs,-6.8,-3.1,1,0,0
Mark Jankowski\\jankoma01,Mark Jankowski,-3.6,-3.4,32,20,-3.5
Mattias Janmark\\janmama02,Mattias Janmark,1,1.9,27,31,4
Calle Jarnkrok\\jarnkca01,Calle Jarnkrok,0.7,0,19,11,-4.3
Christian Jaros\\jarosch01,Christian Jaros,-2.6,-3.6,1,5,-1
Boone Jenner\\jennebo01,Boone Jenner,-3,-2.8,24,28,-0.7
Nick Jensen\\jenseni02,Nick Jensen,-1.7,-1.8,26,48,-0.4
Ryan Johansen\\johanry01,Ryan Johansen,1.2,0.2,38,24,-5.1
Marcus Johansson\\johanma03,Marcus Johansson,-0.4,-0.7,15,24,-1
Stephen Johns\\johnsst03,Stephen Johns,-0.7,-2,5,11,-1.6
Adam Johnson\\johnsad01,Adam Johnson,-3.9,-3.8,1,1,0.8
Erik Johnson\\johnser01,Erik Johnson,-2.5,-3.5,32,27,-1.8
Jack Johnson\\johnsja02,Jack Johnson,-6.5,-8.6,15,23,-11
Luke Johnson\\johnslu01,Luke Johnson,-13.5,-12.1,0,0,-1.3
Tyler Johnson\\johnsty01,Tyler Johnson,-0.8,-0.4,14,20,4.4
Andreas Johnsson\\johnsan01,Andreas Johnsson,-0.5,-1.6,13,20,3.9
Ross Johnston\\johnsro02,Ross Johnston,-5.3,-5.7,2,4,-1.7
Henri Jokiharju\\jokihhe01,Henri Jokiharju,0.8,1.3,7,30,-1.5
Caleb Jones\\jonesca01,Caleb Jones,2.1,1,8,26,-1.2
Max Jones\\jonesma03,Max Jones,3.3,1.9,19,32,-2.4
Seth Jones\\jonesse01,Seth Jones,1.7,0.2,29,37,2.3
Mathieu Joseph\\josepma01,Mathieu Joseph,-1.5,-1.9,17,12,0.6
Roman Josi\\josiro01,Roman Josi,3.2,3,34,68,7.5
Tyson Jost\\jostty01,Tyson Jost,-0.1,-0.6,17,12,5.2
Tomas Jurco\\jurcoto01,Tomas Jurco,1.7,2.1,6,2,-0.3
Nazem Kadri\\kadrina01,Nazem Kadri,0,-1.1,21,28,1.6
Dominik Kahun\\kahundo01,Dominik Kahun,-1.6,-2,18,9,0.4
Kaapo Kakko\\kakkoka01,Kaapo Kakko,-3.2,-5.9,35,21,-9.8
Vladislav Kamenev\\kamenvl01,Vladislav Kamenev,-2.7,-2.6,18,7,-1.1
David Kampf\\kampfda01,David Kampf,-1.7,-0.8,37,17,-6.6
Steven Kampfer\\kampfst01,Steven Kampfer,0.5,1,4,1,0.9
Evander Kane\\kaneev01,Evander Kane,0,0.9,45,51,-2.6
Patrick Kane\\kanepa01,Patrick Kane,-0.5,-0.5,43,41,-6.9
Kasperi Kapanen\\kapanka01,Kasperi Kapanen,-0.4,-1.4,36,29,-5.4
Erik Karlsson\\karlser01,Erik Karlsson,4.6,4.8,52,68,4
Melker Karlsson\\karlsme01,Melker Karlsson,-5.2,-5.7,26,11,-5.9
William Karlsson\\karlswi01,William Karlsson,0.9,0.6,54,37,10.9
David Kase\\kaseda01,David Kase,-8.3,-11.4,2,1,0
Ondrej Kase\\kaseon01,Ondrej Kase,4.5,4.1,41,30,1.2
Zack Kassian\\kassiza01,Zack Kassian,1.2,0.6,26,45,3
Martin Kaut\\kautma01,Martin Kaut,2.4,0.2,2,0,-0.2
Duncan Keith\\keithdu01,Duncan Keith,0.2,-0.6,42,74,-5.4
Clayton Keller\\kellecl01,Clayton Keller,5.3,4.3,34,32,0.6
Joel Kellman\\kellmjo01,Joel Kellman,-5.3,-5.6,8,8,-0.6
Adrian Kempe\\kempead01,Adrian Kempe,2.7,3.2,24,27,4.1
Michal Kempny\\kempnmi01,Michal Kempny,-2.7,-3.1,13,35,-5.6
Alexander Kerfoot\\kerfoal01,Alexander Kerfoot,1.8,2.3,28,33,-3.5
Phil Kessel\\kesseph01,Phil Kessel,3,1.1,19,41,0.5
Jujhar Khaira\\khairju01,Jujhar Khaira,-3.3,-3,15,36,-11.3
Alex Killorn\\killoal01,Alex Killorn,0.7,0,27,26,1.2
Joel Kiviranta\\kivirjo01,Joel Kiviranta,10.7,10.9,5,3,0.5
Oscar Klefbom\\klefbos01,Oscar Klefbom,-1.5,-0.1,36,58,-3.3
John Klingberg\\klingjo01,John Klingberg,2.5,1.7,24,71,0.3
Nikolai Knyzhov\\knyzhni01,Nikolai Knyzhov,-32,-44.8,1,2,-0.8
Slater Koekkoek\\koekksl01,Slater Koekkoek,4.1,4.5,9,27,2.1
Mikko Koivu\\koivumi01,Mikko Koivu,0.6,1.1,29,13,6.9
Otto Koivula\\koivuot01,Otto Koivula,-5.5,-6.8,2,3,-0.3
Keegan Kolesar\\koleske01,Keegan Kolesar,-26.6,-25.4,0,0,-0.3
Leo Komarov\\komarle01,Leo Komarov,-4.3,-5.6,13,16,-2.9
Travis Konecny\\konectr01,Travis Konecny,6.1,4.9,29,47,8.5
Anze Kopitar\\kopitan01,Anze Kopitar,-0.2,-0.4,39,49,0.6
Egor Korshkov\\korsheg01,Egor Korshkov,15.9,5.8,1,0,-0.5
Klim Kostin\\kostikl01,Klim Kostin,-8,-13.2,0,1,-0.4
Jesperi Kotkaniemi\\kotkaje01,Jesperi Kotkaniemi,-0.7,-2.9,14,21,-3.6
Ilya Kovalchuk\\kovalil01,Ilya Kovalchuk,1.2,2.7,11,25,5.6
Chris Kreider\\kreidch01,Chris Kreider,3.3,0.8,22,61,-1.5
David Krejci\\krejcda01,David Krejci,0.1,-0.4,31,37,-0.8
Torey Krug\\krugto01,Torey Krug,6.3,4.3,22,48,8.6
Dominik Kubal\'edk\\kubaldo01,Dominik Kubal,2.3,3.3,23,25,-1.8
Nikita Kucherov\\kucheni01,Nikita Kucherov,6,6.6,30,59,9.8
Karson Kuhlman\\kuhlmka01,Karson Kuhlman,3.1,4.4,2,5,2
Tom Kuhnhackl\\kuhnhto01,Tom Kuhnhackl,-5.6,-4.5,4,11,-4.2
Dean Kukan\\kukande01,Dean Kukan,1.9,0.6,7,14,1.1
Brett Kulak\\kulakbr01,Brett Kulak,1.8,1.6,13,36,10.2
Dmitry Kulikov\\kulikdm01,Dmitry Kulikov,1.3,1.6,16,55,-7.4
Luke Kunin\\kuninlu01,Luke Kunin,-5.4,-4.1,9,15,-2
Janne Kuokkanen\\kuokkja01,Janne Kuokkanen,-5.1,-10.5,0,1,0.2
Sean Kuraly\\kuralse01,Sean Kuraly,-6.8,-6.2,28,27,-4.8
Evgeny Kuznetsov\\kuzneev01,Evgeny Kuznetsov,-7.1,-8.6,22,45,-7.8
Oliver Kylington\\kylinol01,Oliver Kylington,-3.9,-3.3,8,29,-0.3
Jordan Kyrou\\kyroujo01,Jordan Kyrou,3,3.8,13,6,3.5
Joel L'Esperance\\lespejo01,Joel L'Esperance,3.3,-6.2,1,2,-0.2
Kevin Labanc\\labanke01,Kevin Labanc,6.3,5,33,33,2.4
Andrew Ladd\\laddan01,Andrew Ladd,-9.2,-7.2,0,1,0.4
Paul Ladue\\laduepa01,Paul Ladue,-2.1,-10.1,1,1,0
Sam Lafferty\\laffesa01,Sam Lafferty,-3.5,-3.5,17,12,-4.1
William Lagesson\\lageswi01,William Lagesson,-0.9,-2,0,7,-0.5
Patrik Laine\\lainepa01,Patrik Laine,-0.7,-1.4,41,57,-10.1
Maxime Lajoie\\lajoima01,Maxime Lajoie,13.9,9.6,0,0,0.3
Gabriel Landeskog\\landega01,Gabriel Landeskog,0.2,1.7,39,25,5.8
Dylan Larkin\\larkidy01,Dylan Larkin,7.1,6.3,43,81,0.8
Adam Larsson\\larssad01,Adam Larsson,0,1.1,16,35,-3.8
Jacob Larsson\\larssja01,Jacob Larsson,-7.7,-8.5,6,31,-7.4
Johan Larsson\\larssjo02,Johan Larsson,1.9,2.3,24,23,-2
Brian Lashoff\\lashobr01,Brian Lashoff,-0.6,1.8,0,2,0.8
Scott Laughton\\laughsc01,Scott Laughton,-7.1,-6.7,22,21,0.3
Jeremy Lauzon\\lauzoje01,Jeremy Lauzon,-4.8,-4.1,3,6,1.6
Curtis Lazar\\lazarcu01,Curtis Lazar,-5.1,-3.4,13,10,-4.3
Nick Leddy\\leddyni01,Nick Leddy,-2.8,-3.6,17,52,-6.9
Anders Lee\\leean01,Anders Lee,6.9,7.8,24,44,8.7
Artturi Lehkonen\\lehkoar01,Artturi Lehkonen,-2,-3.4,30,22,6.7
Brendan Leipsic\\leipsbr01,Brendan Leipsic,1.2,2,8,24,4.2
Josh Leivo\\leivojo01,Josh Leivo,3.2,0.7,11,15,1.1
Brendan Lemieux\\lemiebr01,Brendan Lemieux,-4.6,-2.5,15,30,-5.5
Otto Leskinen\\leskiot01,Otto Leskinen,-12.1,-20.4,1,5,-0.3
Kris Letang\\letankr01,Kris Letang,2,0.7,31,80,3.6
Mark Letestu\\letesma01,Mark Letestu,-10.1,-5.5,0,1,-0.6
Maxim Letunov\\letunma01,Maxim Letunov,14.8,17.2,2,1,0.3
Tyler Lewington\\lewinty01,Tyler Lewington,1.3,0.3,1,3,-0.8
Trevor Lewis\\lewistr01,Trevor Lewis,-0.4,0.8,11,14,-1.7
Jakob Lilja\\liljaja01,Jakob Lilja,-6.1,-6,9,8,-2.1
Timothy Liljegren\\liljeti01,Timothy Liljegren,-6.1,-9.8,0,6,-1.7
Oskar Lindblom\\lindbos01,Oskar Lindblom,3.3,4.3,15,13,3.3
Esa Lindell\\lindees01,Esa Lindell,-5.2,-6.1,31,62,-5
Ryan Lindgren\\lindgry01,Ryan Lindgren,-0.9,-0.8,28,25,2.4
Anton Lindholm\\lindhan01,Anton Lindholm,-4.2,-3.6,0,0,0.7
Elias Lindholm\\lindhel01,Elias Lindholm,1.9,1.7,38,33,0.6
Hampus Lindholm\\lindhha01,Hampus Lindholm,3.9,3.2,20,53,-5.7
Par Lindholm\\lindhpa01,Par Lindholm,-0.8,-0.6,14,13,4.1
Gustav Lindstrom\\lindsgu01,Gustav Lindstrom,-0.2,1.6,3,7,-0.8
Bryan Little\\littlbr01,Bryan Little,10.1,10.1,2,2,-0.2
Blake Lizotte\\lizotbl01,Blake Lizotte,2.3,3,22,21,8.2
Adam Lowry\\lowryad01,Adam Lowry,-3.3,-2.8,31,11,-7.2
Milan Lucic\\lucicmi01,Milan Lucic,0.2,0.9,19,42,1.6
Matt Luff\\luffma01,Matt Luff,-5,-4.3,4,4,-0.5
Isac Lundestrom\\lundeis01,Isac Lundestrom,-3.5,-4.3,4,2,-1.3
Eetu Luostarinen\\luostee01,Eetu Luostarinen,-1.2,-1.7,2,1,1
Joona Luoto\\luotojo01,Joona Luoto,-16.2,-11.9,3,5,-3.8
Ilya Lyubushkin\\lyubuil01,Ilya Lyubushkin,1.2,1.3,13,20,6.7
Olli Maatta\\maattol01,Olli Maatta,0.4,0.9,22,57,-3.5
Kurtis MacDermid\\macdeku01,Kurtis MacDermid,-1,-1.9,5,26,-3.8
Mackenzie MacEachern\\maceama01,Mackenzie MacEachern,2.1,1.8,14,11,1.4
Zack MacEwen\\macewza01,Zack MacEwen,-4.2,-3,4,8,-2.2
Ryan MacInnis\\macinry01,Ryan MacInnis,-5.3,-3.8,3,2,1
Nathan MacKinnon\\mackina01,Nathan MacKinnon,3.2,3.9,38,53,11
Josh Mahura\\mahurjo01,Josh Mahura,1.5,1.9,2,5,-0.2
Cale Makar\\makarca01,Cale Makar,2.2,2.3,34,40,9
Beck Malenstyn\\malenbe01,Beck Malenstyn,6.1,-0.5,1,0,-0.3
Denis Malgin\\malgide01,Denis Malgin,3.6,1.9,26,17,-1.6
Evgeni Malkin\\malkiev01,Evgeni Malkin,3.4,4.8,70,69,13.2
Andrew Mangiapane\\mangian01,Andrew Mangiapane,4,4.8,38,29,5
Brandon Manning\\mannibr01,Brandon Manning,-2,2.2,1,8,-1.1
Josh Manson\\mansojo01,Josh Manson,1.6,1.3,21,41,-2.9
Anthony Mantha\\manthan01,Anthony Mantha,10.9,11.6,22,30,9.8
Brad Marchand\\marchbr03,Brad Marchand,7.3,7.4,43,71,9.5
Jonathan Marchessault\\audymjo01,Jonathan Marchessault,0.7,-0.8,37,48,10.6
Mason Marchment\\marchma01,Mason Marchment,-15.6,-16.3,1,1,-0.3
Martin Marincin\\marinma01,Martin Marincin,-0.5,0.6,9,22,-1.5
John Marino\\marinjo01,John Marino,-0.8,-0.3,37,42,3.7
Patrick Marleau\\marlepa01,Patrick Marleau,-1.6,-1.1,29,15,-2.5
Mitch Marner\\marnemi01,Mitch Marner,2.3,3.6,64,71,7.8
Pat Maroon\\maroopa01,Pat Maroon,-1.2,-0.8,14,17,4.3
Matt Martin\\martima02,Matt Martin,-3.6,-5,11,17,-2.9
Alec Martinez\\martial01,Alec Martinez,-5.2,-3.4,14,32,2.1
Jordan Martinook\\martijo01,Jordan Martinook,-0.9,-1,24,19,-2.2
Mike Matheson\\mathemi01,Mike Matheson,-0.1,-0.6,41,54,-7.5
Stefan Matteau\\mattest02,Stefan Matteau,-1.8,0.1,2,1,-0.3
Auston Matthews\\matthau01,Auston Matthews,3.2,3.8,78,48,15.5
Scott Mayfield\\mayfisc01,Scott Mayfield,0.9,-0.2,21,70,0.6
Gerald Mayhew\\mayhege01,Gerald Mayhew,0.2,-6.1,4,2,-0.8
Charlie McAvoy\\mcavoch01,Charlie McAvoy,0.4,1.3,37,68,7.9
Jake McCabe\\mccabja01,Jake McCabe,0.6,1.8,19,21,-3
Jared McCann\\mccanja01,Jared McCann,-1.2,-0.4,33,29,1.6
Connor McDavid\\mcdavco01,Connor McDavid,1,-0.1,53,75,2.6
Ryan McDonagh\\mcdonry01,Ryan McDonagh,-3.7,-3.1,25,32,-1.4
Brock McGinn\\mcginbr01,Brock McGinn,-2.9,-3.3,19,10,-2.8
Dylan McIlrath\\mcilrdy01,Dylan McIlrath,-3.4,-5.9,4,8,-3.1
Greg McKegg\\mckeggr01,Greg McKegg,-7,-6.8,14,13,-4.5
Michael McLeod\\mcleomi01,Michael McLeod,-2.6,-0.8,4,0,0.5
Brayden McNabb\\mcnabbr01,Brayden McNabb,-3.5,-3.1,32,32,8.1
Jayson Megna\\megnaja01,Jayson Megna,-3.4,-4.5,0,1,-0.8
Timo Meier\\meierti01,Timo Meier,3.8,4.3,39,31,3.8
Brennan Menell\\menelbr01,Brennan Menell,16,12.2,2,0,0.2
Nicholas Merkley\\merklni01,Nicholas Merkley,11.3,17.6,2,2,0.1
Dakota Mermis\\mermida01,Dakota Mermis,4.7,5.7,1,7,1.9
Jonathon Merrill\\merrijo01,Jonathon Merrill,-1.4,0.2,14,27,8.5
Victor Mete\\metevi01,Victor Mete,-2.4,-2.3,8,35,2.6
Jacob Middleton\\middlja01,Jacob Middleton,-1,0.6,1,1,1.4
Ilya Mikheyev\\mikheil01,Ilya Mikheyev,1.9,2.4,24,14,-0.4
Niko Mikkola\\mikkoni01,Niko Mikkola,7.3,9,0,1,0.6
Sonny Milano\\milanso01,Sonny Milano,-0.9,-0.7,22,30,2.6
Colin Miller\\milleco02,Colin Miller,1,0.1,9,29,-6.1
J.T. Miller\\millejt01,J.T. Miller,8.5,8.6,52,36,11
Casey Mittelstadt\\mitteca01,Casey Mittelstadt,-6,-6.4,6,9,-4.7
Sean Monahan\\monahse01,Sean Monahan,-0.1,-1.3,43,36,1.8
Brandon Montour\\montobr01,Brandon Montour,-2.8,-2.9,12,27,-7.2
John Moore\\moorejo01,John Moore,-0.7,0.2,2,7,2.3
Trevor Moore\\mooretr01,Trevor Moore,-4.4,-4.4,21,20,-1.4
Samuel Morin\\morinsa01,Samuel Morin,-18.2,-22.9,1,2,-1.4
Josh Morrissey\\morrijo04,Josh Morrissey,0,-1.9,22,46,-13.8
Tyler Motte\\mottety01,Tyler Motte,-10.2,-9,16,9,-8.8
Mirco Mueller\\muellmi01,Mirco Mueller,-2.5,-2.3,9,27,-7.3
Connor Murphy\\murphco02,Connor Murphy,0.9,1.8,17,44,-3.2
Ryan Murray\\murrary01,Ryan Murray,-2.7,-2.8,6,15,0.4
Jake Muzzin\\muzzija01,Jake Muzzin,0.9,3.2,24,63,5.1
Philippe Myers\\myersph01,Philippe Myers,1,0.8,21,32,3.9
Tyler Myers\\myersty01,Tyler Myers,0.5,0,42,41,-3.9
Vladislav Namestnikov\\namesvl01,Vladislav Namestnikov,-3.2,-2.5,25,28,-4.1
Riley Nash\\nashri02,Riley Nash,-4,-3.1,25,10,1.6
James Neal\\nealja01,James Neal,3.7,3,24,29,-0.4
Martin Necas\\necasma01,Martin Necas,-2.2,-1.4,23,36,-3.7
Brock Nelson\\nelsobr01,Brock Nelson,-1.7,-2,26,52,-0.7
Patrik Nemeth\\nemetpa01,Patrik Nemeth,3.5,3.6,10,54,-5.5
Aaron Ness\\nessaa01,Aaron Ness,0.3,1.3,1,8,1.2
Valeri Nichushkin\\nichuva01,Valeri Nichushkin,5.3,4.8,38,18,11
Nino Niederreiter\\niedeni01,Nino Niederreiter,3.5,3.3,35,42,6.7
Frans Nielsen\\nielsfr01,Frans Nielsen,-1.7,-0.8,11,15,-7.2
Matthew Nieto\\nietoma01,Matthew Nieto,0.1,-0.3,19,17,1.8
Boo Nieves\\nievecr01,Boo Nieves,-5.9,-11.2,1,0,-0.3
Sami Niku\\nikusa01,Sami Niku,-7.6,-8.2,2,11,-4.5
Matt Niskanen\\niskama01,Matt Niskanen,2.5,3.1,14,56,8.5
Stefan Noesen\\noesest01,Stefan Noesen,-0.3,0,16,8,2.3
Joakim Nordstrom\\nordsjo02,Joakim Nordstrom,-9.3,-9.2,12,10,-4.7
Joshua Norris\\norrijo01,Joshua Norris,-9.6,-10.3,1,0,-1.2
Tomas Nosek\\nosekto01,Tomas Nosek,-1.6,-1.3,22,16,8.4
Ryan Nugent-Hopkins\\nugenry01,Ryan Nugent-Hopkins,-0.2,0,54,39,-2.7
Darnell Nurse\\nurseda01,Darnell Nurse,0.6,-1.1,26,54,-1.7
Markus Nutivaara\\nutivma01,Markus Nutivaara,0.7,0.8,6,13,0
Joakim Nygard\\nygarjo01,Joakim Nygard,-2.9,-1.7,14,10,4.6
Alexander Nylander\\nylanal01,Alexander Nylander,0.9,0.5,25,23,-1.6
William Nylander\\nylanwi01,William Nylander,4.1,3.1,42,41,6.5
Gustav Nyquist\\nyquigu01,Gustav Nyquist,-1.7,-2.4,27,41,1.3
Logan O'Connor\\oconnlo01,Logan O'Connor,4.9,7,5,0,0.3
Ryan O'Reilly\\oreilry01,Ryan O'Reilly,3.1,2.4,69,22,-3
Jordan Oesterle\\oestejo01,Jordan Oesterle,-0.7,-0.1,11,37,-1.1
Kyle Okposo\\okposky01,Kyle Okposo,2.9,3.9,15,13,0.7
Jamie Oleksiak\\oleksja01,Jamie Oleksiak,4.6,4.6,24,46,7.5
Mathieu Olivier\\olivima01,Mathieu Olivier,-8,-4.9,0,3,0.2
Gustav Olofsson\\olofsgu01,Gustav Olofsson,-28.3,-29.9,0,1,-1
Victor Olofsson\\olofsvi01,Victor Olofsson,0.5,0.2,12,26,-2.1
Dmitry Orlov\\orlovdm01,Dmitry Orlov,2.1,1.8,49,65,1.3
T.J. Oshie\\oshietj01,T.J. Oshie,-1.9,-0.5,42,45,-1.1
Xavier Ouellet\\ouellxa01,Xavier Ouellet,-2.2,-3.4,1,4,0.6
Alex Ovechkin\\ovechal01,Alex Ovechkin,1.5,-0.1,28,48,2.1
Max Pacioretty\\pacioma01,Max Pacioretty,6.2,7.7,32,55,27.3
Jean-Gabriel Pageau\\pageaje01,Jean-Gabriel Pageau,-0.4,1.4,33,32,0.4
Ondrej Palat\\palaton01,Ondrej Palat,1.6,1.7,41,34,5.6
Kyle Palmieri\\palmiky01,Kyle Palmieri,2.6,3.7,29,28,-0.3
Artemi Panarin\\panarar01,Artemi Panarin,6.3,7,56,82,10
Richard Panik\\panikri01,Richard Panik,2.5,1.3,21,29,-1.3
Cedric Paquette\\paquece01,Cedric Paquette,-5.3,-5.5,17,9,-4.2
Colton Parayko\\parayco01,Colton Parayko,-2,-1,33,41,-2.5
Zach Parise\\parisza01,Zach Parise,-0.7,-1.2,21,22,-0.4
David Pastrnak\\pastrda01,David Pastrnak,5.8,4.7,49,88,8.5
Greg Pateryn\\patergr01,Greg Pateryn,-9.3,-8.3,3,6,-0.1
Nick Paul\\paulni01,Nick Paul,-2.7,-1.6,27,19,-3.1
Joe Pavelski\\paveljo01,Joe Pavelski,2.8,2.3,38,27,6.5
Tanner Pearson\\pearsta01,Tanner Pearson,0.3,-0.8,37,33,-7.5
Matthew Peca\\pecama01,Matthew Peca,-2.3,-3,0,1,-0.5
Andrew Peeke\\peekean01,Andrew Peeke,-0.2,-0.3,3,8,1.6
Adam Pelech\\pelecad01,Adam Pelech,-3.5,-3.2,32,48,-3.7
Brendan Perlini\\perlibr01,Brendan Perlini,-5,-6.6,7,8,-9
Mathieu Perreault\\perrema01,Mathieu Perreault,2.4,2,17,11,-2
David Perron\\perroda01,David Perron,4.2,3.8,39,35,-0.8
Corey Perry\\perryco01,Corey Perry,-3.5,-3.1,17,26,0.8
Joel Persson\\perssjo02,Joel Persson,1.1,0.6,2,8,-0.3
Brett Pesce\\pescebr01,Brett Pesce,-2.2,-3.2,42,39,0.3
Nic Petan\\petanni01,Nic Petan,1.3,4,4,2,0.2
Jeff Petry\\petryje01,Jeff Petry,3.8,3.5,30,88,15.3
Elias Pettersson\\petteel01,Elias Pettersson,9.5,9.8,36,33,12.1
Marcus Pettersson\\pettema01,Marcus Pettersson,1.8,2.5,17,38,7
Alex Pietrangelo\\pietral01,Alex Pietrangelo,3.9,3.9,43,45,4.6
Lawrence Pilut\\pilutla01,Lawrence Pilut,-8.2,-8.4,2,4,-1.2
Neal Pionk\\pionkne01,Neal Pionk,4.1,4,31,62,-6.4
Brandon Pirri\\pirribr01,Brandon Pirri,-11,-11.7,8,4,-0.7
Tyler Pitlick\\pitlity01,Tyler Pitlick,-6.3,-5,28,15,-0.4
Ryan Poehling\\poehlry01,Ryan Poehling,-4,-2.8,7,8,-1.6
Austin Poganski\\poganau01,Austin Poganski,-37.7,-39.8,0,0,-0.3
Brayden Point\\pointbr01,Brayden Point,3.2,4,30,19,8.7
Roman Polak\\polakro01,Roman Polak,-7.4,-5.9,4,22,-2.1
Tucker Poolman\\poolmtu01,Tucker Poolman,-2.6,-3.8,14,46,-12.9
Derrick Pouliot\\poulide01,Derrick Pouliot,15.6,20,0,1,0
Nikolai Prokhorkin\\prokhni01,Nikolai Prokhorkin,0.1,-2.4,19,14,-4.8
Dalton Prout\\proutda01,Dalton Prout,1.8,4.6,2,0,-0.6
Ivan Provorov\\provoiv01,Ivan Provorov,1.9,1.7,16,67,6.7
Ryan Pulock\\pulocry01,Ryan Pulock,-2.9,-0.9,15,64,-0.2
Mark Pysyk\\pysykma01,Mark Pysyk,-6.4,-6.4,26,15,-5.8
John Quenneville\\quennjo02,John Quenneville,0.1,0.2,2,5,-1.6
Alan Quine\\quineal01,Alan Quine,1.8,2.2,2,1,-0.2
Gage Quinney\\quinnga01,Gage Quinney,8.4,9.3,0,0,0.2
Lukas Radil\\radillu01,Lukas Radil,-3.2,-5.6,4,4,-1.7
Alexander Radulov\\radulal01,Alexander Radulov,4,4.8,26,44,8.7
Michael Raffl\\rafflmi01,Michael Raffl,-2.8,-2.2,19,23,0.4
Rickard Rakell\\rakelri01,Rickard Rakell,3.1,3.2,30,42,1.9
Mikko Rantanen\\rantami01,Mikko Rantanen,2.7,3.1,34,16,2.1
Victor Rask\\raskvi01,Victor Rask,4.4,3.8,13,5,3.5
Ryan Reaves\\reavery01,Ryan Reaves,-1.2,-0.9,17,7,6.3
Mike Reilly\\reillmi01,Mike Reilly,2.3,2.8,9,39,4.4
Sam Reinhart\\reinhsa01,Sam Reinhart,4,3.3,21,33,-5.5
Anthony Richard\\richaan01,Anthony Richard,-5,-3,0,0,-0.4
Brad Richardson\\richabr02,Brad Richardson,-7.4,-6.5,12,18,-6.2
Tobias Rieder\\riedeto01,Tobias Rieder,-2.8,-1.6,17,8,-2.4
Morgan Rielly\\riellmo01,Morgan Rielly,-2,-2.8,17,42,0.6
Juuso Riikola\\riikoju01,Juuso Riikola,3.3,4.1,8,16,3.6
Zac Rinaldo\\rinalza01,Zac Rinaldo,-7,-6.7,5,5,-3.3
Rasmus Ristolainen\\ristora01,Rasmus Ristolainen,-4.2,-4.3,17,24,-7.4
Brett Ritchie\\ritchbr01,Brett Ritchie,1.3,0.3,3,4,-2.1
Nick Ritchie\\ritchni01,Nick Ritchie,5,6.6,11,20,-0.7
Jason Robertson\\roberja01,Jason Robertson,8.6,2.7,1,0,0.3
Buddy Robinson\\robinbu01,Buddy Robinson,-2.8,3.2,2,1,1
Eric Robinson\\robiner01,Eric Robinson,4.1,4.1,13,11,6.3
Evan Rodrigues\\rodriev01,Evan Rodrigues,-0.8,-1,14,13,0.1
Kevin Rooney\\rooneke01,Kevin Rooney,-3.2,-4.2,17,13,-2.5
Calle Rosen\\rosenca01,Calle Rosen,-0.1,-1.5,2,8,-1
Jack Roslovic\\rosloja01,Jack Roslovic,3.4,2.4,24,38,-7.7
Antoine Roussel\\roussan01,Antoine Roussel,0.1,1.3,7,13,-5
Carter Rowney\\rowneca01,Carter Rowney,-7.6,-6.9,24,26,-7.1
Matt Roy\\royma04,Matt Roy,4.3,5.7,7,43,9.8
Nicolas Roy\\royni01,Nicolas Roy,5.2,4.7,10,6,6.7
German Rubtsov\\rubtsge01,German Rubtsov,-25.1,-25.9,1,1,-0.4
Chad Ruhwedel\\ruhwech01,Chad Ruhwedel,-1.1,-1.1,7,17,2
Kris Russell\\russekr01,Kris Russell,-4.9,-2.9,31,38,-5.2
Patrick Russell\\russepa01,Patrick Russell,-2.5,-1.3,9,13,-2.4
Bryan Rust\\rustbr01,Bryan Rust,0.2,1.3,29,37,10.1
Jan Rutta\\ruttaja02,Jan Rutta,1.3,-0.2,2,8,5
Bobby Ryan\\ryanbo01,Bobby Ryan,4.8,2.7,12,18,-0.6
Derek Ryan\\ryande01,Derek Ryan,-1.8,-0.8,34,26,-0.1
Joakim Ryan\\ryanjo02,Joakim Ryan,-3.2,-1.3,6,28,1.4
Brandon Saad\\saadbr01,Brandon Saad,3.5,3,40,25,4.6
Aleksi Saarela\\saareal01,Aleksi Saarela,-0.1,6.6,6,3,-1.3
Scott Sabourin\\sabousc01,Scott Sabourin,-5.5,-4.1,5,6,-4
Miikka Salomaki\\salommi01,Miikka Salomaki,-8.3,-4.8,1,3,0.2
Rasmus Sandin\\sandira01,Rasmus Sandin,4,0.5,2,15,-1.8
Zach Sanford\\sanfoza01,Zach Sanford,1.8,2,18,19,2.2
Travis Sanheim\\sanhetr01,Travis Sanheim,1,0.5,22,53,5.6
Steven Santini\\santist01,Steven Santini,-9,-6.6,0,0,0.2
Ashton Sautner\\sautnas01,Ashton Sautner,-11.9,-38.3,0,0,-0.3
David Savard\\savarda01,David Savard,-3.3,-1.4,18,43,5.9
Luca Sbisa\\sbisalu01,Luca Sbisa,-3.1,-2,4,26,-6.8
Marco Scandella\\scandma01,Marco Scandella,-0.3,0.8,18,49,5.5
Colton Sceviour\\scevico01,Colton Sceviour,-6.8,-4.2,26,35,-5.8
Tim Schaller\\schalti01,Tim Schaller,-10.7,-10.1,14,9,-8.3
Mark Scheifele\\scheima01,Mark Scheifele,0.3,-0.3,57,46,-8.1
Brayden Schenn\\schenbr01,Brayden Schenn,0.1,0.1,26,39,2.1
Luke Schenn\\schenlu01,Luke Schenn,-8,-8.2,5,10,-3
Nick Schmaltz\\schmani01,Nick Schmaltz,2.5,2.2,52,27,-1.6
Nate Schmidt\\schmina01,Nate Schmidt,-3.5,-4,33,39,9.8
Justin Schultz\\schulju01,Justin Schultz,-0.9,0.8,6,18,2.7
Jaden Schwartz\\schwaja01,Jaden Schwartz,2.8,2.5,50,29,2.8
Brent Seabrook\\seabrbr01,Brent Seabrook,-6,-5.6,3,27,-7.5
Nick Seeler\\seeleni01,Nick Seeler,-9.3,-8.5,1,7,-3.1
Tyler Seguin\\seguity01,Tyler Seguin,1.2,1.1,34,52,4.7
Andrej Sekera\\sekeran01,Andrej Sekera,-2.7,-1.1,8,50,0.4
Brett Seney\\seneybr01,Brett Seney,-2.5,-10,1,3,-0.5
Zachary Senyshyn\\senysza01,Zachary Senyshyn,4.7,8.3,1,1,0.9
Mikhail Sergachev\\sergami01,Mikhail Sergachev,1.3,0.4,18,39,5.7
Damon Severson\\severda01,Damon Severson,2.3,2.2,35,73,-6.7
Michael Sgarbossa\\sgarbmi01,Michael Sgarbossa,-6.5,-6.4,2,1,-0.6
Kevin Shattenkirk\\shattke01,Kevin Shattenkirk,2.5,2.2,32,34,9
Andrew Shaw\\shawan01,Andrew Shaw,3.7,1.5,12,15,1.5
Logan Shaw\\shawlo01,Logan Shaw,-12.6,-9.6,2,5,-4
Riley Sheahan\\sheahri01,Riley Sheahan,-5,-3.9,36,25,-3.9
Conor Sheary\\shearco01,Conor Sheary,0.3,-0.2,19,18,1.2
Kiefer Sherwood\\sherwki01,Kiefer Sherwood,-4.6,-5.7,4,7,-3.9
Kole Sherwood\\sherwko01,Kole Sherwood,10.1,10.9,2,0,0.3
Devin Shore\\shorede01,Devin Shore,-2.8,-2.5,12,8,-6.4
Nick Shore\\shoreni01,Nick Shore,-7.8,-6.5,14,16,-5.1
Jonas Siegenthaler\\siegejo01,Jonas Siegenthaler,-2.6,-1.2,13,32,1.5
Dylan Sikura\\sikurdy01,Dylan Sikura,-2.2,-1,2,0,-2.2
Jakob Silfverberg\\silfvja01,Jakob Silfverberg,2,1.1,40,32,-3.3
Radim Simek\\simekra01,Radim Simek,-6.2,-7.5,20,36,-6.2
Wayne Simmonds\\simmowa01,Wayne Simmonds,0.9,1.3,27,18,-1.3
Dominik Simon\\simondo01,Dominik Simon,3.1,2.7,41,31,3.4
Colton Sissons\\sissoco01,Colton Sissons,-6.7,-4.4,14,25,-4.2
Jeff Skinner\\skinnje01,Jeff Skinner,-0.2,-0.6,28,24,-1.4
Brady Skjei\\skjeibr01,Brady Skjei,-1.6,-2.8,36,55,-7.9
Jaccob Slavin\\slavija01,Jaccob Slavin,1.7,3.2,81,49,18
Brendan Smith\\smithbr05,Brendan Smith,-4,-2.9,18,24,-7.8
Craig Smith\\smithcr01,Craig Smith,5.2,5.8,26,26,8
Dalton Smith\\smithda03,Dalton Smith,47.8,48.2,0,0,0.1
Gemel Smith\\smithge02,Gemel Smith,-6.3,2,1,0,-0.6
Givani Smith\\smithgi01,Givani Smith,0.2,2.2,2,6,-0.7
Reilly Smith\\smithre01,Reilly Smith,-1.5,-3,58,41,7.4
Zack Smith\\smithza01,Zack Smith,-4.1,-5.9,21,14,-5.7
Vladimir Sobotka\\sobotvl01,Vladimir Sobotka,-4.4,-3.8,3,3,-2.3
Carl Soderberg\\soderca01,Carl Soderberg,-2.6,-1.8,28,24,-5.5
Marcus Sorensen\\sorenma01,Marcus Sorensen,-1.9,-2.6,28,18,-3.8
Carson Soucy\\soucyca01,Carson Soucy,-3.6,-2.8,17,16,1
Jason Spezza\\spezzja01,Jason Spezza,-1.2,-1.3,20,33,-0.2
Daniel Sprong\\spronda01,Daniel Sprong,7.6,9,1,0,0.4
Jared Spurgeon\\spurgja01,Jared Spurgeon,3.9,2.7,10,23,10.3
Eric Staal\\staaler01,Eric Staal,-0.6,-2.4,25,46,-0.7
Jordan Staal\\staaljo01,Jordan Staal,2.1,1.9,30,41,6.3
Marc Staal\\staalma01,Marc Staal,-5.4,-5,19,34,-5
Steven Stamkos\\stamkst01,Steven Stamkos,-0.8,-1.6,24,33,6.1
Paul Stastny\\stastpa01,Paul Stastny,2.6,2.8,41,18,16.4
Troy Stecher\\stechtr01,Troy Stecher,0.4,0.3,16,25,-3.4
Sam Steel\\steelsa01,Sam Steel,1.2,-0.1,25,37,-8.9
Alex Steen\\steenal01,Alex Steen,-3.2,-2.6,16,12,1.8
Kevin Stenlund\\stenlke01,Kevin Stenlund,1,-0.2,6,9,1.5
Derek Stepan\\stepade01,Derek Stepan,1.7,0.8,38,28,-3.1
Mitchell Stephens\\stephmi01,Mitchell Stephens,1.2,1,6,4,1.6
Chandler Stephenson\\stephch02,Chandler Stephenson,0.1,1.5,37,22,10.6
Chris Stewart\\stewach02,Chris Stewart,-18.2,-16.9,3,1,-4.5
Riley Stillman\\stillri01,Riley Stillman,-3.9,-3.4,13,28,-5.4
Mark Stone\\stonema01,Mark Stone,5.3,6.5,78,38,24.5
Michael Stone\\stonemi01,Michael Stone,-7.7,-7.2,6,9,-5.1
Anton Stralman\\stralan01,Anton Stralman,-3.7,-3.2,40,48,-6.6
Ben Street\\streebe01,Ben Street,-14.1,-17.4,0,0,-0.8
Dylan Strome\\stromdy01,Dylan Strome,1.8,1.8,30,26,-5.4
Ryan Strome\\stromry01,Ryan Strome,3.2,3.9,27,54,10.1
Jack Studnicka\\studnja01,Jack Studnicka,6.3,8.5,0,3,0.5
Nico Sturm\\sturmni01,Nico Sturm,2.7,4.2,1,1,-0.1
P.K. Subban\\subbapk01,P.K. Subban,1.9,2.1,19,65,-7.5
C.J. Suess\\frankcl01,C.J. Suess,-18.6,-19.8,0,0,-0.5
Oskar Sundqvist\\sundqos01,Oskar Sundqvist,-5.6,-4.5,36,11,-2.2
Antti Suomela\\suomean01,Antti Suomela,-2.9,-3.2,6,4,1.4
Ryan Suter\\suterry01,Ryan Suter,1.1,-1.5,19,27,2.5
Brandon Sutter\\suttebr03,Brandon Sutter,-6.5,-5.4,15,9,-4.2
Nick Suzuki\\suzukni01,Nick Suzuki,-1.6,-1.9,31,37,0.3
Andrei Svechnikov\\svechan01,Andrei Svechnikov,3.1,3.1,29,66,11.1
Evgeny Svechnikov\\svechev01,Evgeny Svechnikov,-1.6,-1.5,0,3,0.7
Jordan Szwarz\\szwarjo01,Jordan Szwarz,-14.8,2.3,0,0,-0.1
Brandon Tanev\\tanevbr01,Brandon Tanev,-1.8,-3.3,33,37,-4.9
Chris Tanev\\tanevch01,Chris Tanev,-3.3,-2.6,20,45,-10.4
Vladimir Tarasenko\\tarasvl01,Vladimir Tarasenko,4.4,5.1,3,5,0.5
Tomas Tatar\\tatarto01,Tomas Tatar,8.6,8.2,31,29,17.5
John Tavares\\tavarjo01,John Tavares,1.4,0.8,35,47,4.2
Matt Tennyson\\tennyma01,Matt Tennyson,-2,-2.3,2,8,0
Teuvo Teravainen\\teravte01,Teuvo Teravainen,5.1,4.3,44,44,10.5
Troy Terry\\terrytr01,Troy Terry,1.3,1.5,31,19,-1.2
Alexandre Texier\\texieal01,Alexandre Texier,1,0.2,16,12,0.4
Shea Theodore\\theodsh01,Shea Theodore,5.7,4.9,55,54,27.7
Robert Thomas\\thomaro01,Robert Thomas,0.5,-0.7,46,30,8.6
Nate Thompson\\thompna01,Nate Thompson,-8.6,-6.9,25,33,-1.3
Tage Thompson\\thompta01,Tage Thompson,1.5,7.6,1,0,0
Joe Thornton\\thornjo01,Joe Thornton,3.4,3.3,55,30,-3.3
Calvin Thurkauf\\thurkca01,Calvin Thurkauf,-7.5,-11.1,0,0,-0.2
Chris Tierney\\tiernch01,Chris Tierney,-0.7,-1.6,32,42,-5.6
Dmytro Timashov\\timasdm01,Dmytro Timashov,-5.2,-5.4,5,7,-2.8
Conor Timmins\\timmico01,Conor Timmins,12.7,17.9,1,0,0.3
Jarred Tinordi\\tinorja01,Jarred Tinordi,-6.4,-6.3,1,18,-5
Brady Tkachuk\\tkachbr01,Brady Tkachuk,4.1,4,35,40,6.4
Matthew Tkachuk\\tkachma01,Matthew Tkachuk,4.3,3.7,40,86,7.6
Devon Toews\\toewsde01,Devon Toews,6.1,5.5,32,57,11.5
Jonathan Toews\\toewsjo01,Jonathan Toews,2.2,1.1,58,40,-1.6
Tyler Toffoli\\toffoty01,Tyler Toffoli,4.6,3.9,35,34,9.5
Dominic Toninato\\tonindo01,Dominic Toninato,-5,-4.5,17,13,-3.1
Yakov Trenin\\treniya01,Yakov Trenin,1,2.2,7,3,-0.1
Vincent Trocheck\\trochvi01,Vincent Trocheck,4.2,3.9,51,64,2.6
Zach Trotman\\trotmza01,Zach Trotman,0.1,1.8,0,6,-0.7
Jacob Trouba\\troubja01,Jacob Trouba,-2.5,-3,43,69,-7.4
Alexander True\\trueal01,Alexander True,3.7,3.2,2,5,1.6
Alex Tuch\\tuchal01,Alex Tuch,-3,-3.8,27,27,3
Kyle Turris\\turriky01,Kyle Turris,0.4,-1.7,21,29,-6.3
Carsen Twarynski\\twaryca01,Carsen Twarynski,-9.8,-8.3,6,0,-1.7
T.J. Tynan\\tynant.01,T.J. Tynan,-2.6,-0.8,5,0,-1.4
Urho Vaakanainen\\vaakaur01,Urho Vaakanainen,-9.7,-14.3,1,3,-0.7
James van Riemsdyk\\vanrija01,James van Riemsdyk,1.6,3,17,16,7.9
Trevor van Riemsdyk\\vanritr01,Trevor van Riemsdyk,-1.1,-2.1,13,17,-0.3
Sami Vatanen\\vatansa01,Sami Vatanen,0,-1.3,14,24,-4.4
Frank Vatrano\\vatrafr01,Frank Vatrano,1.2,1.2,32,18,-2
Lukas Vejdemo\\vejdelu01,Lukas Vejdemo,4.1,5.3,2,2,0.8
Carter Verhaeghe\\verhaca01,Carter Verhaeghe,2.1,2.3,19,11,2.3
Max Veronneau\\veronma01,Max Veronneau,12,13.5,0,1,-0.4
Jimmy Vesey\\veseyji02,Jimmy Vesey,0,0.4,26,16,-3.2
Gabriel Vilardi\\vilarga01,Gabriel Vilardi,-0.2,-1.6,1,0,-1.1
Jake Virtanen\\virtaja01,Jake Virtanen,0.4,1.6,37,31,-4.9
Marc-Edouard Vlasic\\vlasima01,Marc-Edouard Vlasic,-1.6,-0.6,18,40,-4.9
Alexander Volkov\\volkoal01,Alexander Volkov,-3.5,-8.7,4,2,-0.8
Jakub Voracek\\voracja01,Jakub Voracek,3.2,2.2,28,30,5.3
Mikhail Vorobyev\\vorobmi01,Mikhail Vorobyev,-6.1,-6.3,5,4,-4.2
Jakub Vrana\\vranaja01,Jakub Vrana,-1.1,-0.1,31,42,0.2
Austin Wagner\\wagneau01,Austin Wagner,2.3,2.7,20,21,6.2
Chris Wagner\\wagnech01,Chris Wagner,-6.9,-6,16,21,-1.5
Oliver Wahlstrom\\wahlsol01,Oliver Wahlstrom,0.7,3.6,1,5,0.5
Nathan Walker\\walkena01,Nathan Walker,15.3,10.8,0,1,0.3
Sean Walker\\walkese01,Sean Walker,2.7,1.7,25,65,0.6
Lucas Wallmark\\wallmlu01,Lucas Wallmark,-3.8,-3,22,17,-0.8
Jake Walman\\walmaja01,Jake Walman,13.3,3.2,0,0,0.3
Austin Watson\\watsoau01,Austin Watson,-12.3,-10.2,18,20,-9
Jordan Weal\\wealjo01,Jordan Weal,1.6,2.1,22,12,4.3
Shea Weber\\webersh01,Shea Weber,0,1.3,18,79,11.3
Yannick Weber\\weberya01,Yannick Weber,-4.4,-5,11,11,-5.8
Anton Wedin\\wedinan01,Anton Wedin,-2.8,0.9,1,0,-0.3
MacKenzie Weegar\\weegama01,MacKenzie Weegar,2.2,3.6,25,38,3.1
Dale Weise\\weiseda01,Dale Weise,-9.7,-8.1,8,12,0.9
Alexander Wennberg\\wennbal01,Alexander Wennberg,1.7,1.5,20,25,0.8
Zach Werenski\\werenza01,Zach Werenski,2.4,1.5,32,47,3.6
Blake Wheeler\\wheelbl01,Blake Wheeler,4.9,6.3,37,46,1.7
Colin White\\whiteco02,Colin White,2,0.7,23,29,-0.8
Colton White\\whiteco03,Colton White,-13.5,-12.8,2,6,-2.2
Zach Whitecloud\\whiteza01,Zach Whitecloud,4.4,4.9,8,1,4.7
Justin Williams\\williju01,Justin Williams,3.5,1.6,3,13,0.3
Colin Wilson\\wilsoco01,Colin Wilson,8.1,9.2,1,3,1.4
Scott Wilson\\wilsosc01,Scott Wilson,1.6,0.5,5,0,-0.7
Tom Wilson\\wilsoto01,Tom Wilson,-0.5,-2.1,25,40,1.8
Luke Witkowski\\witkolu01,Luke Witkowski,-14.1,-13.5,2,2,-2.9
Christian Wolanin\\wolanch01,Christian Wolanin,-9.2,-6.8,0,2,0.4
Miles Wood\\woodmi01,Miles Wood,-2.9,-3.9,15,22,-8.1
Kailer Yamamoto\\yamamka01,Kailer Yamamoto,3.2,3.3,19,10,0.5
Keith Yandle\\yandlke01,Keith Yandle,-0.4,-1.2,25,66,-1.7
Alexander Yelesin\\yelesal01,Alexander Yelesin,-4.6,0.2,0,2,0.5
Danil Yurtaykin\\yurtada01,Danil Yurtaykin,8.3,8.7,2,0,-0.5
Pavel Zacha\\zachapa01,Pavel Zacha,-2.1,-1.4,35,31,-8.3
Filip Zadina\\zadinfi01,Filip Zadina,1.6,1,12,17,-1.5
Nikita Zadorov\\zadorni01,Nikita Zadorov,-2,-1.8,23,35,-3
Nikita Zaitsev\\zaitsni01,Nikita Zaitsev,-6.8,-7,20,44,-10.6
Travis Zajac\\zajactr01,Travis Zajac,0.2,-0.1,36,17,-6.1
Mika Zibanejad\\zibanmi01,Mika Zibanejad,4.5,3.9,42,43,-0.1
Mats Zuccarello\\zuccama01,Mats Zuccarello,-2.2,-2.3,33,17,2
Jason Zucker\\zuckeja01,Jason Zucker,0.3,-0.4,31,25,2.6
Valentin Zykov\\zykovva01,Valentin Zykov,-8.2,-12.1,5,12,-1.3